{"cameraMode":{"drawMode":0,"name":"Shaded","section":"Shading Mode"},"sceneLighting":false,"audioPlay":false,"sceneViewState":{"m_AlwaysRefresh":false,"showFog":true,"showSkybox":false,"showFlares":true,"showImageEffects":true,"showParticleSystems":true,"showVisualEffectGraphs":true,"m_FxEnabled":true},"in2DMode":false,"pivot":{"x":-0.947802722454071,"y":2.3280093669891359,"z":0.8367288112640381},"rotation":{"x":-0.004744803998619318,"y":0.979412317276001,"z":-0.2004927098751068,"w":-0.023208295926451684},"size":1.2617160081863404,"orthographic":false}