{"cameraMode":{"drawMode":0,"name":"Shaded","section":"Shading Mode"},"sceneLighting":false,"audioPlay":false,"sceneViewState":{"m_AlwaysRefresh":false,"showFog":true,"showSkybox":false,"showFlares":true,"showImageEffects":true,"showParticleSystems":true,"showVisualEffectGraphs":true,"m_FxEnabled":true},"in2DMode":false,"pivot":{"x":-0.7575148940086365,"y":3.116361618041992,"z":1.9990602731704713},"rotation":{"x":-0.04752995818853378,"y":-0.9478417038917542,"z":0.26570355892181399,"w":-0.16955140233039857},"size":1.3793383836746216,"orthographic":false}