{"cameraMode":{"drawMode":0,"name":"Shaded","section":"Shading Mode"},"sceneLighting":false,"audioPlay":false,"sceneViewState":{"m_AlwaysRefresh":false,"showFog":true,"showSkybox":false,"showFlares":true,"showImageEffects":true,"showParticleSystems":true,"showVisualEffectGraphs":true,"m_FxEnabled":true},"in2DMode":false,"pivot":{"x":0.03609728813171387,"y":0.9424794316291809,"z":-2.7187159061431886},"rotation":{"x":0.06947548687458039,"y":-0.0475735068321228,"z":0.003314955858513713,"w":0.9964532852172852},"size":0.4883835017681122,"orthographic":false}