{"cameraMode":{"drawMode":0,"name":"Shaded","section":"Shading Mode"},"sceneLighting":false,"audioPlay":false,"sceneViewState":{"m_AlwaysRefresh":false,"showFog":true,"showSkybox":false,"showFlares":true,"showImageEffects":true,"showParticleSystems":true,"showVisualEffectGraphs":true,"m_FxEnabled":true},"in2DMode":false,"pivot":{"x":1.111244797706604,"y":0.9003884196281433,"z":1.4107564687728882},"rotation":{"x":0.0012989036040380598,"y":0.9986083507537842,"z":-0.029377488419413568,"w":0.044053927063941959},"size":1.1196163892745972,"orthographic":false}