{"cameraMode":{"drawMode":0,"name":"Shaded","section":"Shading Mode"},"sceneLighting":false,"audioPlay":false,"sceneViewState":{"m_AlwaysRefresh":false,"showFog":true,"showSkybox":false,"showFlares":true,"showImageEffects":true,"showParticleSystems":true,"showVisualEffectGraphs":true,"m_FxEnabled":true},"in2DMode":false,"pivot":{"x":-1.1875258684158326,"y":1.3482401371002198,"z":1.539229154586792},"rotation":{"x":0.01625162735581398,"y":0.9787379503250122,"z":-0.18570496141910554,"w":0.08566173166036606},"size":1.274852991104126,"orthographic":false}