{"cameraMode":{"drawMode":0,"name":"Shaded","section":"Shading Mode"},"sceneLighting":false,"audioPlay":false,"sceneViewState":{"m_AlwaysRefresh":false,"showFog":true,"showSkybox":false,"showFlares":true,"showImageEffects":true,"showParticleSystems":true,"showVisualEffectGraphs":true,"m_FxEnabled":true},"in2DMode":false,"pivot":{"x":-0.12943938374519349,"y":0.3724985420703888,"z":0.020872872322797777},"rotation":{"x":0.008166994899511338,"y":0.9780579209327698,"z":-0.20449094474315644,"w":0.03906135633587837},"size":0.35723060369491579,"orthographic":false}