{"cameraMode":{"drawMode":0,"name":"Shaded","section":"Shading Mode"},"sceneLighting":false,"audioPlay":false,"sceneViewState":{"m_AlwaysRefresh":false,"showFog":true,"showSkybox":false,"showFlares":true,"showImageEffects":true,"showParticleSystems":true,"showVisualEffectGraphs":true,"m_FxEnabled":true},"in2DMode":false,"pivot":{"x":-0.12219858914613724,"y":0.37321799993515017,"z":-0.31426405906677248},"rotation":{"x":-0.3519466817378998,"y":-0.040965333580970767,"z":0.015421031974256039,"w":-0.9350007772445679},"size":0.5003015995025635,"orthographic":false}