{"cameraMode":{"drawMode":0,"name":"Shaded","section":"Shading Mode"},"sceneLighting":false,"audioPlay":false,"sceneViewState":{"m_AlwaysRefresh":false,"showFog":true,"showSkybox":false,"showFlares":true,"showImageEffects":true,"showParticleSystems":true,"showVisualEffectGraphs":true,"m_FxEnabled":true},"in2DMode":false,"pivot":{"x":-0.36944735050201418,"y":0.7195953130722046,"z":-0.8162972331047058},"rotation":{"x":0.18172869086265565,"y":0.3329179286956787,"z":-0.06554730236530304,"w":0.9229617714881897},"size":0.5173554420471191,"orthographic":false}