{"cameraMode":{"drawMode":0,"name":"Shaded","section":"Shading Mode"},"sceneLighting":false,"audioPlay":false,"sceneViewState":{"m_AlwaysRefresh":false,"showFog":true,"showSkybox":false,"showFlares":true,"showImageEffects":true,"showParticleSystems":true,"showVisualEffectGraphs":true,"m_FxEnabled":true},"in2DMode":false,"pivot":{"x":0.0014209747314453126,"y":0.26959583163261416,"z":-0.01017671823501587},"rotation":{"x":-0.14910122752189637,"y":0.38447579741477969,"z":-0.06307622790336609,"w":-0.9088309407234192},"size":0.9064364433288574,"orthographic":false}