{"cameraMode":{"drawMode":0,"name":"Shaded","section":"Shading Mode"},"sceneLighting":false,"audioPlay":false,"sceneViewState":{"m_AlwaysRefresh":false,"showFog":true,"showSkybox":false,"showFlares":true,"showImageEffects":true,"showParticleSystems":true,"showVisualEffectGraphs":true,"m_FxEnabled":true},"in2DMode":false,"pivot":{"x":0.09745591878890991,"y":1.0678911209106446,"z":-0.4645995497703552},"rotation":{"x":-0.16463696956634522,"y":0.4394454061985016,"z":-0.08228708803653717,"w":-0.8792181015014648},"size":1.299038052558899,"orthographic":false}