{"cameraMode":{"drawMode":0,"name":"Shaded","section":"Shading Mode"},"sceneLighting":false,"audioPlay":false,"sceneViewState":{"m_AlwaysRefresh":false,"showFog":true,"showSkybox":false,"showFlares":true,"showImageEffects":true,"showParticleSystems":true,"showVisualEffectGraphs":true,"m_FxEnabled":true},"in2DMode":false,"pivot":{"x":-0.024057209491729738,"y":0.32511943578720095,"z":-0.0350460484623909},"rotation":{"x":-0.19870571792125703,"y":0.6863529086112976,"z":-0.20377826690673829,"w":-0.6692708134651184},"size":0.5173554420471191,"orthographic":false}